patch_id,driver,area_hectares,area_pixels,perimeter_meters,linearity,circularity,solidity,fractal_dimension,mean_dnbr,centroid_x,centroid_y
1,Agricultural Clearcut,211.05,2345,13773.8,1.28,0.1398,0.7743,1.222,0.692,107.0,207.2
2,Road Encroachment,15.93,177,4085.0,2.8,0.12,0.571,1.363,0.719,87.4,182.5
3,Agricultural Clearcut,86.4,960,8105.7,2.03,0.1652,0.7262,1.227,0.712,157.4,176.9
4,Road Encroachment,21.51,239,7806.8,11.92,0.0444,0.2575,1.525,0.745,59.8,148.6
5,Wildfire Scar,300.015,3333,24291.1,1.04,0.0639,0.5607,1.309,0.724,206.8,133.9
1,Agricultural Clearcut,99.72,1108,7037.8,1.62,0.253,0.8315,1.162,0.712,60.4,213.3
2,Agricultural Clearcut,48.465,538,5617.1,2.19,0.193,0.7297,1.223,0.724,61.8,182.1
3,Road Encroachment,2.61,29,1109.1,6.21,0.2666,0.7532,1.321,0.752,247.7,170.3
4,Road Encroachment,5.4,60,2069.1,10.32,0.1585,0.6936,1.391,0.711,190.0,165.1
5,Road Encroachment,7.335,81,2811.0,9.72,0.1167,0.538,1.433,0.777,145.6,165.3
6,Road Encroachment,21.06,234,7661.9,11.72,0.0451,0.2637,1.524,0.754,58.5,152.5
7,Agricultural Clearcut,207.225,2302,12173.1,1.0,0.1757,0.8272,1.193,0.704,110.9,83.0
1,Road Encroachment,21.645,240,3409.2,2.31,0.234,0.7377,1.221,0.674,39.9,205.5
2,Road Encroachment,12.735,141,4735.2,7.61,0.0714,0.2979,1.484,0.726,219.6,178.1
3,Road Encroachment,10.665,118,4015.2,9.06,0.0831,0.393,1.47,0.747,146.1,177.5
4,Road Encroachment,164.16,1824,12564.5,2.8,0.1307,0.6205,1.239,0.73,45.7,171.7
5,Agricultural Clearcut,629.73,6997,29525.9,2.0,0.0908,0.6958,1.244,0.712,125.5,70.1
1,Road Encroachment,2.52,28,1009.7,5.21,0.3106,0.8,1.278,0.723,174.0,187.7
2,Road Encroachment,9.09,101,3728.5,9.67,0.0822,0.4289,1.489,0.735,216.8,183.6
3,Road Encroachment,18.765,208,6824.9,10.42,0.0506,0.2799,1.513,0.742,52.1,172.3
4,Road Encroachment,54.675,607,6515.4,2.31,0.1619,0.5294,1.246,0.697,138.4,171.8
5,Agricultural Clearcut,153.765,1708,10660.4,1.22,0.17,0.7609,1.206,0.711,154.0,125.4
