sample_id,split,before_path,after_path,mask_path,width,height,bands,resolution_m,deforest_pixels,deforest_pct,deforest_area_ha
scene_train_001,train,C:\Users\LENOVO\deforestation\dataset\train\before\scene_train_001.tif,C:\Users\LENOVO\deforestation\dataset\train\after\scene_train_001.tif,C:\Users\LENOVO\deforestation\dataset\train\masks\scene_train_001.tif,256,256,5,10.0,9342,14.25,93.42
scene_train_002,train,C:\Users\LENOVO\deforestation\dataset\train\before\scene_train_002.tif,C:\Users\LENOVO\deforestation\dataset\train\after\scene_train_002.tif,C:\Users\LENOVO\deforestation\dataset\train\masks\scene_train_002.tif,256,256,5,10.0,5311,8.1,53.11
scene_train_003,train,C:\Users\LENOVO\deforestation\dataset\train\before\scene_train_003.tif,C:\Users\LENOVO\deforestation\dataset\train\after\scene_train_003.tif,C:\Users\LENOVO\deforestation\dataset\train\masks\scene_train_003.tif,256,256,5,10.0,7336,11.19,73.36
scene_train_004,train,C:\Users\LENOVO\deforestation\dataset\train\before\scene_train_004.tif,C:\Users\LENOVO\deforestation\dataset\train\after\scene_train_004.tif,C:\Users\LENOVO\deforestation\dataset\train\masks\scene_train_004.tif,256,256,5,10.0,7230,11.03,72.3
scene_train_005,train,C:\Users\LENOVO\deforestation\dataset\train\before\scene_train_005.tif,C:\Users\LENOVO\deforestation\dataset\train\after\scene_train_005.tif,C:\Users\LENOVO\deforestation\dataset\train\masks\scene_train_005.tif,256,256,5,10.0,4073,6.21,40.73
scene_train_006,train,C:\Users\LENOVO\deforestation\dataset\train\before\scene_train_006.tif,C:\Users\LENOVO\deforestation\dataset\train\after\scene_train_006.tif,C:\Users\LENOVO\deforestation\dataset\train\masks\scene_train_006.tif,256,256,5,10.0,7817,11.93,78.17
scene_train_007,train,C:\Users\LENOVO\deforestation\dataset\train\before\scene_train_007.tif,C:\Users\LENOVO\deforestation\dataset\train\after\scene_train_007.tif,C:\Users\LENOVO\deforestation\dataset\train\masks\scene_train_007.tif,256,256,5,10.0,4047,6.18,40.47
scene_train_008,train,C:\Users\LENOVO\deforestation\dataset\train\before\scene_train_008.tif,C:\Users\LENOVO\deforestation\dataset\train\after\scene_train_008.tif,C:\Users\LENOVO\deforestation\dataset\train\masks\scene_train_008.tif,256,256,5,10.0,5033,7.68,50.33
scene_train_009,train,C:\Users\LENOVO\deforestation\dataset\train\before\scene_train_009.tif,C:\Users\LENOVO\deforestation\dataset\train\after\scene_train_009.tif,C:\Users\LENOVO\deforestation\dataset\train\masks\scene_train_009.tif,256,256,5,10.0,5797,8.85,57.97
scene_train_010,train,C:\Users\LENOVO\deforestation\dataset\train\before\scene_train_010.tif,C:\Users\LENOVO\deforestation\dataset\train\after\scene_train_010.tif,C:\Users\LENOVO\deforestation\dataset\train\masks\scene_train_010.tif,256,256,5,10.0,3833,5.85,38.33
scene_train_011,train,C:\Users\LENOVO\deforestation\dataset\train\before\scene_train_011.tif,C:\Users\LENOVO\deforestation\dataset\train\after\scene_train_011.tif,C:\Users\LENOVO\deforestation\dataset\train\masks\scene_train_011.tif,256,256,5,10.0,6503,9.92,65.03
scene_train_012,train,C:\Users\LENOVO\deforestation\dataset\train\before\scene_train_012.tif,C:\Users\LENOVO\deforestation\dataset\train\after\scene_train_012.tif,C:\Users\LENOVO\deforestation\dataset\train\masks\scene_train_012.tif,256,256,5,10.0,6902,10.53,69.02
scene_train_013,train,C:\Users\LENOVO\deforestation\dataset\train\before\scene_train_013.tif,C:\Users\LENOVO\deforestation\dataset\train\after\scene_train_013.tif,C:\Users\LENOVO\deforestation\dataset\train\masks\scene_train_013.tif,256,256,5,10.0,4299,6.56,42.99
scene_train_014,train,C:\Users\LENOVO\deforestation\dataset\train\before\scene_train_014.tif,C:\Users\LENOVO\deforestation\dataset\train\after\scene_train_014.tif,C:\Users\LENOVO\deforestation\dataset\train\masks\scene_train_014.tif,256,256,5,10.0,7036,10.74,70.36
scene_train_015,train,C:\Users\LENOVO\deforestation\dataset\train\before\scene_train_015.tif,C:\Users\LENOVO\deforestation\dataset\train\after\scene_train_015.tif,C:\Users\LENOVO\deforestation\dataset\train\masks\scene_train_015.tif,256,256,5,10.0,4512,6.88,45.12
scene_train_016,train,C:\Users\LENOVO\deforestation\dataset\train\before\scene_train_016.tif,C:\Users\LENOVO\deforestation\dataset\train\after\scene_train_016.tif,C:\Users\LENOVO\deforestation\dataset\train\masks\scene_train_016.tif,256,256,5,10.0,6584,10.05,65.84
scene_validation_001,validation,C:\Users\LENOVO\deforestation\dataset\validation\before\scene_validation_001.tif,C:\Users\LENOVO\deforestation\dataset\validation\after\scene_validation_001.tif,C:\Users\LENOVO\deforestation\dataset\validation\masks\scene_validation_001.tif,256,256,5,10.0,7720,11.78,77.2
scene_validation_002,validation,C:\Users\LENOVO\deforestation\dataset\validation\before\scene_validation_002.tif,C:\Users\LENOVO\deforestation\dataset\validation\after\scene_validation_002.tif,C:\Users\LENOVO\deforestation\dataset\validation\masks\scene_validation_002.tif,256,256,5,10.0,6914,10.55,69.14
scene_validation_003,validation,C:\Users\LENOVO\deforestation\dataset\validation\before\scene_validation_003.tif,C:\Users\LENOVO\deforestation\dataset\validation\after\scene_validation_003.tif,C:\Users\LENOVO\deforestation\dataset\validation\masks\scene_validation_003.tif,256,256,5,10.0,4393,6.7,43.93
scene_validation_004,validation,C:\Users\LENOVO\deforestation\dataset\validation\before\scene_validation_004.tif,C:\Users\LENOVO\deforestation\dataset\validation\after\scene_validation_004.tif,C:\Users\LENOVO\deforestation\dataset\validation\masks\scene_validation_004.tif,256,256,5,10.0,4133,6.31,41.33
scene_test_001,test,C:\Users\LENOVO\deforestation\dataset\test\before\scene_test_001.tif,C:\Users\LENOVO\deforestation\dataset\test\after\scene_test_001.tif,C:\Users\LENOVO\deforestation\dataset\test\masks\scene_test_001.tif,256,256,5,10.0,7777,11.87,77.77
scene_test_002,test,C:\Users\LENOVO\deforestation\dataset\test\before\scene_test_002.tif,C:\Users\LENOVO\deforestation\dataset\test\after\scene_test_002.tif,C:\Users\LENOVO\deforestation\dataset\test\masks\scene_test_002.tif,256,256,5,10.0,4854,7.41,48.54
scene_test_003,test,C:\Users\LENOVO\deforestation\dataset\test\before\scene_test_003.tif,C:\Users\LENOVO\deforestation\dataset\test\after\scene_test_003.tif,C:\Users\LENOVO\deforestation\dataset\test\masks\scene_test_003.tif,256,256,5,10.0,9910,15.12,99.1
scene_test_004,test,C:\Users\LENOVO\deforestation\dataset\test\before\scene_test_004.tif,C:\Users\LENOVO\deforestation\dataset\test\after\scene_test_004.tif,C:\Users\LENOVO\deforestation\dataset\test\masks\scene_test_004.tif,256,256,5,10.0,3043,4.64,30.43
